Kyler,Bailey,United States,Test
Kyler,Bailey,United States,Test 2
Kyler,Bailey,United States,Test 3
Kyler,Bailey,United States,Test4
Kyler,Bailey,United States,Test4
Steve,Harvey,United States,Bes website I have seen in awhile!
Ted,The Bear,United States,Best frickin website ever!!!
Brodee,Clontz,US,Hello
Kyler,Bailey,United States,hello

Hm,Hmmmm,HMMMMMM,HMMMMMMMMMMMMMMMMMMMMMMMM
My,balls,Georgia,"I hope you are well, what is the best car of all time?"
Kyler,Bailey,United States,Testing what happens when an image is submitted.
